{
    "webPageAssets": {
        "banners": [
            {
                "id": "nature.jpeg",
                "type": "image/jpeg",
                "url": "/documents/20126/34321/nature.jpeg"
            },
            {
                "id": "banner.jpg",
                "type": "image/jpeg",
                "url": "/documents/20126/34321/banner.jpg"
            },
            {
                "id": "mwc_mock_banner (1).jpg",
                "type": "image/jpeg",
                "url": "/documents/20126/34321/mwc_mock_banner (1).jpg"
            }
        ],
        "footerContent": ""
    }
}