[
    {
        "title":"Secure mail",
        "desc1":"Protect your business mails against cyber threats",
        "desc2":"Need for more users?Now easy to personalise at just $4.99 per user",
        "coupon":"Use NEW10 for instant discount",
        "price":"$199.00",
        "occurence":"monthly for upto 100 users"
    },
    {
        "title":"Unified communications",
        "desc1":"Collaborate across the world with voice, chat, screenshare,",
        "desc2":"file share, video and many more.",
        "coupon":"Use NEW10 for instant discount",
        "price":"$49.00",
        "occurence":"per line monthly"
    }
]