<soapenv:Envelope xmlns:ord="http://xmlns.oracle.com/communications/ordermanagement" xmlns:soapenv="http://schemas.xmlsoap.org/soap/envelope/">
   <soapenv:Header>
      <wsse:Security soapenv:mustUnderstand="1" xmlns:wsse="http://docs.oasis-open.org/wss/2004/01/oasis-200401-wss-wssecurity-secext-1.0.xsd" xmlns:wsu="http://docs.oasis-open.org/wss/2004/01/oasis-200401-wss-wssecurity-utility-1.0.xsd">
         <wsse:UsernameToken wsu:Id="UsernameToken-4CA52D030C2539472115489216765661">
            <wsse:Username>admin</wsse:Username>
            <wsse:Password Type="http://docs.oasis-open.org/wss/2004/01/oasis-200401-wss-username-token-profile-1.0#PasswordText">Osmadmin@123</wsse:Password>
         </wsse:UsernameToken>
      </wsse:Security>
   </soapenv:Header>
   <soapenv:Body>
      <ord:FindOrder>
         <ord:ViewBy>
            <ord:View>COM_SalesOrderFulfillment_OrderDetails</ord:View>
            <ord:AmendmentFilter>
               <ord:LevelOfDetail>AmendmentsSummary</ord:LevelOfDetail>
            </ord:AmendmentFilter>
            <ord:LifecycleEventFilter>
               <ord:RetrieveLifecycleEvents>false</ord:RetrieveLifecycleEvents>
            </ord:LifecycleEventFilter>
         </ord:ViewBy>
         <ord:SelectBy>
            <ord:Reference>36958866</ord:Reference>
         </ord:SelectBy>
      </ord:FindOrder>
   </soapenv:Body>
</soapenv:Envelope>